index,group,label,smiles,PCE_stats,PCE_mean,PCE_std,Global_pop_num,Global_pop_percent,PCE < 8_pop_num,PCE < 8_pop_percent,PCE > 8_pop_num,PCE > 8_pop_percent,pop_diff,Z,Z_8.0,Z_8.5,Z_9.0,Z_9.5,Z_10.0,Z_10.5
1,core,f 1,O=C1C(C(C2=O)=CN1C)=CN2C,"{'25%': 1.9026548227159497, 'std': 1.7883499383197055, 'min': 0.0016709045059969999, 'max': 12.2669626374842, 'whishi': 7.3830420408558002, 'mean': 3.1480570331722539, 'whislo': 0.0016709045059969999, 'cilo': 2.8734829007467946, 'count': 2520.0, '50%': 2.9551834958003749, '75%': 4.0976686034958174, 'cihi': 3.0199503030592667}",3.148057033,1.788349938,3069,5.987591697,3021,5.909046455,48,36.92307692,31.01403047,14.80642922,14.80642922,11.4499671,10.57635481,10.16342248,9.601547035,8.865243902
2,core,f 2,O=C1N(C)C(C(C1=C2)=CC3=C2C4=C5C(C=CC=C53)=CC=C4)=O,"{'25%': 0.57714348334565002, 'std': 1.3324878736099217, 'min': 0.00021079476976899999, 'max': 9.3247566111792608, 'whishi': 4.9438762879395197, 'mean': 1.5900302600499205, 'whislo': 0.00021079476976899999, 'cilo': 1.1978808548649018, 'count': 1185.0, '50%': 1.2642068940001798, '75%': 2.3335164541114, 'cihi': 1.343284179329518}",1.59003026,1.332487874,2173,4.239503668,2172,4.248410758,1,0.769230769,-3.479179989,-1.977125668,-1.977125668,-1.250013578,-0.51947117,,,
3,core,f 3,O=C(N(C)C1=O)C2=CC=C3C4=C(C(N(C)C3=O)=O)C=CC1=C42,"{'25%': 0.91569579911907484, 'std': 1.7481565326021775, 'min': 0.012149609074465001, 'max': 12.393401920259302, 'whishi': 6.8633764594554005, 'mean': 2.2559733929779031, 'whislo': 0.012149609074465001, 'cilo': 1.706211985922758, 'count': 436.0, '50%': 1.8945780801556802, '75%': 3.3213454621604352, 'cihi': 2.0764402581716919}",2.255973393,1.748156533,841,1.640783518,836,1.635207824,4,3.076923077,1.441715253,1.962975573,1.962975573,1.609455554,0.454058673,0.729947811,1.072664993,1.307620112
4,spacer,f 4,FC1=NC2C=CC=CC2N=C1F,"{'25%': 0.59467247299825332, 'std': 1.2451988440849164, 'min': 0.00069181324150800001, 'max': 8.5645523798310812, 'whishi': 5.0747581115935896, 'mean': 1.5975020864270073, 'whislo': 0.00069181324150800001, 'cilo': 1.2494490197127521, 'count': 898.0, '50%': 1.3473912738844749, '75%': 2.3879566839409447, 'cihi': 1.4498014606699532}",1.597502086,1.245198844,1760,3.433744342,1758,3.438630807,2,1.538461538,-1.900169268,-1.20018232,-1.20018232,-0.999659226,,,,
5,spacer,f 5,FC1=CC2=NSN=C2C=C1,"{'25%': 0.67593144657081994, 'std': 1.4526323140334503, 'min': 0.00017454998416499998, 'max': 10.129536962325501, 'whishi': 5.5182604291691604, 'mean': 1.818925038431213, 'whislo': 0.00017454998416499998, 'cilo': 1.498872327401962, 'count': 2283.0, '50%': 1.5312817930790401, '75%': 2.6422930611471851, 'cihi': 1.592009670428276}",1.818925038,1.452632314,5066,9.88372093,5055,9.887530562,11,8.461538462,-1.425992101,-0.570913494,-0.570913494,0.227360056,1.151502284,0.633274443,-0.839148275,
6,spacer,f 6,FC1=CC2=NSN=C2C=C1F,"{'25%': 0.70413626583905509, 'std': 1.3604654966646805, 'min': 0.00034429532134099987, 'max': 9.7164032015384905, 'whishi': 5.2360557770428402, 'mean': 1.7771479751439534, 'whislo': 0.00034429532134099987, 'cilo': 1.422206208478684, 'count': 621.0, '50%': 1.5580991689408701, '75%': 2.5294748514164702, 'cihi': 1.6971204680381877}",1.777147975,1.360465497,1630,3.180115499,1628,3.184352078,2,1.538461538,-1.64589054,-1.079843385,-1.079843385,-0.912129101,-0.219320617,0.047839774,,
7,spacer,f 7,FC1=C(F)C=C(F)C(F)=C1,"{'25%': 0.58554240790058831, 'std': 1.3190328691379822, 'min': 0.0040464328684529996, 'max': 8.3951587528635496, 'whishi': 4.7577121994480702, 'mean': 1.617509419146155, 'whislo': 0.0040464328684529996, 'cilo': 1.18447783119822, 'count': 596.0, '50%': 1.2943885750044499, '75%': 2.3711281665229178, 'cihi': 1.4124091505469187}",1.617509419,1.319032869,2638,5.146714531,2637,5.15794621,1,0.769230769,-4.388715441,-2.273539984,-2.273539984,,,,,
9,spacer,f 9/f 10,O=CC(S1)=CC2=C1C3=CC(S4)=C(C=C3S2)C5=C4C=C(C=O)S5,"{'25%': 1.2105142727071998, 'std': 0.90918814390840064, 'min': 0.12879674682595502, 'max': 3.33079430160815, 'whishi': 3.33079430160815, 'mean': 1.6932100022751655, 'whislo': 0.12879674682595502, 'cilo': 1.1746208806653153, 'count': 21.0, '50%': 1.4702195778426199, '75%': 2.4096438352263703, 'cihi': 2.2936573443767321}",1.693210002,0.909188144,25,0.048774778,25,0.048899756,0,0,-0.048899756,,,,,,,
11,core,f 11,O=C1C2=CSC=C2C(C3=C(C(F)(F)F)SC(C(F)(F)F)=C31)=O,"{'25%': 0.53537123379895846, 'std': 1.6041488683760718, 'min': 0.029557953994810999, 'max': 8.4012974473185498, 'whishi': 5.34146538827365, 'mean': 1.8295482881802632, 'whislo': 0.029557953994810999, 'cilo': 1.0873428266713527, 'count': 82.0, '50%': 1.5593416235751951, '75%': 2.5179417188370472, 'cihi': 1.8646083514551601}",1.829548288,1.604148868,346,0.675042922,345,0.674816626,1,0.769230769,0.094414143,0.123603539,0.123603539,,,,,
14,spacer,f 14,C12=CC=CC3=C1N(C=C3)C4=C(C=CC=C4)S2,"{'25%': 1.3325805664231423, 'std': 2.1497643811945268, 'min': 0.0050811569265030001, 'max': 11.991670138499099, 'whishi': 8.3348213089683902, 'mean': 2.9817299678884734, 'whislo': 0.0050811569265030001, 'cilo': 2.3875279580418081, 'count': 1064.0, '50%': 2.5527107530562398, '75%': 4.1419643515391273, 'cihi': 2.712197790315912}",2.981729968,2.149764381,1701,3.318635867,1674,3.274327628,27,20.76923077,17.49490314,11.0632425,11.0632425,9.361166097,5.99685785,5.102275445,3.892789734,4.478177528
15,core,f 15/f 16,C(C1=CC=CC=C1)(C2=CC=CC=C2)=C(C3=CC=CC=C3)C4=CC=CC=C4,"{'25%': 0.54507007288204501, 'std': 1.2678582955961797, 'min': 0.0040464328684529996, 'max': 6.8464348653819513, 'whishi': 3.77276505027739, 'mean': 1.4048218262207406, 'whislo': 0.0040464328684529996, 'cilo': 0.8348541728459169, 'count': 185.0, '50%': 1.0409003654606701, '75%': 1.920475588935, 'cihi': 1.20316528398777}",1.404821826,1.267858296,476,0.928671765,476,0.931051345,0,0,-0.931051345,,,,,,,
17,spacer,f 17,O=C(C(C=C1)=CC=C1C=CC2=CC=C(C(O)=O)C=C2)O,"{'25%': 0.40485276279988375, 'std': 1.0345874155314185, 'min': 0.0025935362489869999, 'max': 4.2854454195487799, 'whishi': 3.8851414477089694, 'mean': 1.2416641261570363, 'whislo': 0.0025935362489869999, 'cilo': 0.7929151045557068, 'count': 276.0, '50%': 0.99540402236620595, '75%': 1.8011584411735904, 'cihi': 1.1264351541137358}",1.241664126,1.034587416,599,1.168643671,599,1.171638142,0,0,-1.171638142,,,,,,,
18,spacer,f 18,FC(C(F)=C(F)C(F)=C1F)=C1C=CC2=C(F)C(F)=C(F)C(F)=C2F,"{'25%': 0.31348792572971951, 'std': 1.3776267273770002, 'min': 0.0098934176174850005, 'max': 4.5234268843367316, 'whishi': 4.5234268843367316, 'mean': 1.4674358480341207, 'whislo': 0.0098934176174850005, 'cilo': 0.47624631493792741, 'count': 27.0, '50%': 1.15441053786783, '75%': 2.521356153961495, 'cihi': 1.90154746862385}",1.467435848,1.377626727,247,0.481894803,247,0.483129584,0,0,-0.483129584,,,,,,,
19,spacer,f 19,FC1=CSC2=C1SC3=C2SC=C3F,"{'25%': 0.4815248937417056, 'std': 1.2285886868915636, 'min': 0.003097099927311, 'max': 8.7227839799487601, 'whishi': 4.5127161026314999, 'mean': 1.4668902552844705, 'whislo': 0.003097099927311, 'cilo': 1.083513513085208, 'count': 455.0, '50%': 1.2061446784433001, '75%': 2.1212449884429598, 'cihi': 1.3644120971024121}",1.466890255,1.228588687,813,1.586155767,812,1.588264059,1,0.769230769,-0.819033289,-0.754707706,-0.754707706,-0.175371477,,,,
20,spacer,f 20,C1(C(C=C(C(C2=CC=CC=C2)(C3=CC=CC=C3)C4=C5SC=C4)C5=C6)=C6C7)=C7C=CS1,"{'25%': 0.75079332107872898, 'std': 1.3801438627764129, 'min': 0.041615655222090001, 'max': 3.9718638310878895, 'whishi': 3.9718638310878895, 'mean': 1.9020911148699726, 'whislo': 0.041615655222090001, 'cilo': 0.490840918510558, 'count': 15.0, '50%': 1.56299121883576, '75%': 3.1848281804203751, 'cihi': 3.0375139870933001}",1.902091115,1.380143863,44,0.085843609,44,0.08606357,0,0,-0.08606357,,,,,,,
21,spacer,f 21,CC1(C)C2=C(C=C(C(C)(C)C3=C4SC=C3)C4=C2)C5=C1C=CS5,"{'25%': 0.84629061601460043, 'std': 1.6110026379131965, 'min': 0.00069181324150800001, 'max': 8.4211912468424206, 'whishi': 4.884825771308889, 'mean': 2.0028110038747395, 'whislo': 0.00069181324150800001, 'cilo': 1.470823875475874, 'count': 147.0, '50%': 1.53225420877269, '75%': 2.8531428515428798, 'cihi': 1.8148603442265578}",2.002811004,1.611002638,270,0.526767598,268,0.524205379,2,1.538461538,1.014256159,1.583079523,1.583079523,,,,,
22,spacer,f 22,C1=CN=CN=N1,"{'25%': 0.71057900050932743, 'std': 1.4211920317273592, 'min': 0.000120416979084, 'max': 11.288867837200101, 'whishi': 5.5508401823966906, 'mean': 1.855795627560449, 'whislo': 0.000120416979084, 'cilo': 1.5666167097063921, 'count': 3194.0, '50%': 1.6358663346526652, '75%': 2.6648692104597274, 'cihi': 1.6883932756658839}",1.855795628,1.421192032,6717,13.10480724,6708,13.1207824,9,6.923076923,-6.197705473,-2.117293144,-2.117293144,-2.338309148,-1.476719771,-1.045275533,-0.558024776,-0.250699841
23,core/terminal,f 23/f 31,N1=CN=CN=C1,"{'25%': 0.72213809371873106, 'std': 1.3617936363411351, 'min': 4.2116690140869801e-05, 'max': 8.9115219266843599, 'whishi': 5.2747838349123599, 'mean': 1.7951260190210137, 'whislo': 4.2116690140869801e-05, 'cilo': 1.5329443724176239, 'count': 2639.0, '50%': 1.5758246796004098, '75%': 2.5751956474532598, 'cihi': 1.6303195561335699}",1.795126019,1.361793636,6376,12.43951928,6371,12.46161369,5,3.846153846,-8.615459846,-2.994165444,-2.994165444,-1.866057694,,,,
24,spacer/terminal,f 24/f 34,N1=CN=CC=C1,"{'25%': 0.71392860015477355, 'std': 1.4973683495667429, 'min': 2.43477726362684e-05, 'max': 11.991670138499099, 'whishi': 5.5585792525942015, 'mean': 1.8666193385146621, 'whislo': 2.43477726362684e-05, 'cilo': 1.5545539163944482, 'count': 13718.0, '50%': 1.5892768144534304, '75%': 2.6530030960987352, 'cihi': 1.6138061883082777}",1.866619339,1.49736835,29327,57.21671609,29249,57.21075795,78,60,2.789242054,0.538594257,0.538594257,-0.213125344,-1.07312614,-1.537376713,-1.115293781,-1.095413052
25,spacer,f 25,C[Si]1(C=C(OCCO2)C2=C1)C,"{'25%': 0.98509012317335354, 'std': 1.4067492940017836, 'min': 2.43477726362684e-05, 'max': 9.6830894945196508, 'whishi': 5.8061671561342409, 'mean': 2.0474614832452613, 'whislo': 2.43477726362684e-05, 'cilo': 1.7380082011484503, 'count': 1339.0, '50%': 1.85066706981347, '75%': 2.937408469277055, 'cihi': 1.9463684443831939}",2.047461483,1.406749294,2424,4.729202435,2418,4.729584352,6,4.615384615,-0.114199737,-0.080471953,-0.080471953,-0.297727276,-0.637231793,-0.360291789,,
26,terminal,f 26,O=C(C(SC1=C(C#N)C#N)=C)N1C,"{'25%': 0.46720660007699299, 'std': 1.3013538567976966, 'min': 0.0076811006423159996, 'max': 6.0445145406840197, 'whishi': 4.1989383564106202, 'mean': 1.5868721783614435, 'whislo': 0.0076811006423159996, 'cilo': 1.042851688601498, 'count': 106.0, '50%': 1.34679489724959, '75%': 2.5484493817204479, 'cihi': 1.618548445620438}",1.586872178,1.301353857,200,0.390198221,200,0.391198044,0,0,-0.391198044,,,,,,,
27,terminal,f 27,O=C1NC(C2=CC=CC=C21)=O,"{'25%': 0.47019707257879101, 'std': 1.493434391836902, 'min': 0.0071897798724190002, 'max': 8.7644286842192205, 'whishi': 4.0150794302993598, 'mean': 1.4783706420056639, 'whislo': 0.0071897798724190002, 'cilo': 1.0140620537944272, 'count': 151.0, '50%': 1.20151947830865, '75%': 2.0088784035440348, 'cihi': 1.3331027243196418}",1.478370642,1.493434392,378,0.737474637,376,0.735452323,2,1.538461538,0.803009216,1.057137786,1.057137786,0.603561383,,,,
28,terminal,f 28,S=C(SC1=C)N(C1=O)C,"{'25%': 0.2875250006674841, 'std': 1.4020348474117343, 'min': 0.010953561327582999, 'max': 9.6830894945196508, 'whishi': 3.1975166170692302, 'mean': 1.1223777966209103, 'whislo': 0.010953561327582999, 'cilo': 0.62776842507525532, 'count': 80.0, '50%': 0.69682645376210206, '75%': 1.4919820370396724, 'cihi': 0.81594541005654087}",1.122377797,1.402034847,106,0.206805057,105,0.205378973,1,0.769230769,0.563851796,1.403987227,1.403987227,2.149094059,3.241729032,3.770638033,,
29,terminal,f 29,FC1=C(F)C=C(F)C(F)=C1F,"{'25%': 0.49295050619899272, 'std': 1.4654141222083676, 'min': 0.0098934176174850005, 'max': 8.3951587528635496, 'whishi': 4.1531133756433602, 'mean': 1.5065967119719226, 'whislo': 0.0098934176174850005, 'cilo': 0.83876769570686549, 'count': 86.0, '50%': 0.99791434130206702, '75%': 2.0011701017043451, 'cihi': 1.2038439981872351}",1.506596712,1.465414122,541,1.055486187,540,1.056234719,1,0.769230769,-0.28700395,-0.327595008,-0.327595008,,,,,
30,terminal,f 30,FC1=C(C=C(C(F)=C1C(O)=O)F)F,"{'25%': 0.53763938210686213, 'std': 1.3402712705647308, 'min': 0.012002357883272001, 'max': 5.7987897591711697, 'whishi': 4.0133970231290492, 'mean': 1.5006611628371991, 'whislo': 0.012002357883272001, 'cilo': 0.65239412861965795, 'count': 44.0, '50%': 1.0933368365052325, '75%': 1.94484732771388, 'cihi': 1.67897420588185}",1.500661163,1.340271271,248,0.483845794,248,0.485085575,0,0,-0.485085575,,,,,,,
32,terminal,f 32,C12=CC=CC=C1NC=N2,"{'25%': 0.7952700337534031, 'std': 1.4632433406704086, 'min': 7.6571266689917596e-05, 'max': 8.869769307630369, 'whishi': 4.1885089845861403, 'mean': 1.7529360171527852, 'whislo': 7.6571266689917596e-05, 'cilo': 1.3360652831809641, 'count': 402.0, '50%': 1.4515899318830501, '75%': 2.2471437306119051, 'cihi': 1.5862715198577622}",1.752936017,1.463243341,626,1.221320431,621,1.214669927,5,3.846153846,2.63148392,2.708053748,2.708053748,0.088382442,,,,
33,terminal,f 33,O=C1NC=CC=C1,"{'25%': 0.63425034894052745, 'std': 1.5249160922400773, 'min': 0.0015104267072729993, 'max': 12.393401920259302, 'whishi': 5.5387326588269996, 'mean': 1.8161181875095422, 'whislo': 0.0015104267072729993, 'cilo': 1.3610319145310301, 'count': 1271.0, '50%': 1.47129367466201, '75%': 2.6111294868766253, 'cihi': 1.5513072378469241}",1.816118188,1.524916092,2427,4.735055408,2421,4.735452323,5,3.846153846,-0.889298477,-0.083582836,-0.083582836,-0.299940666,-0.638579029,-0.361589944,-0.04188047,0.163929781
35,terminal,f 35,O=C(C1=C2C(C=CC=C2C3=O)=CC=C1)N3C,"{'25%': 0.37559567382917225, 'std': 1.3382714746689262, 'min': 0.00083547953224299997, 'max': 8.2140949632356293, 'whishi': 3.2158856932389601, 'mean': 1.1957925310331865, 'whislo': 0.00083547953224299997, 'cilo': 0.63874263077391524, 'count': 66.0, '50%': 0.79502797370694545, '75%': 1.5136836531602222, 'cihi': 1.1504244482954464}",1.195792531,1.338271475,175,0.341423443,174,0.340342298,1,0.769230769,0.428888471,0.828951258,0.828951258,,,,,
36,terminal,f 36,O=C1C(C(N(C)C(N1C)=O)=O)=C,"{'25%': 0.90385564033623589, 'std': 1.3681076962561289, 'min': 0.00034886533215000001, 'max': 11.991670138499099, 'whishi': 5.7747992498982503, 'mean': 2.002347251190062, 'whislo': 0.00034886533215000001, 'cilo': 1.83557006231363, 'count': 6166.0, '50%': 1.8590872548760899, '75%': 2.8522957743501078, 'cihi': 1.8855016986039839}",2.002347251,1.368107696,10803,21.07655689,10789,21.10317848,14,10.76923077,-10.33394771,-2.919310775,-2.919310775,-2.495334962,-2.442903524,-1.935714716,-1.378665776,-1.036817152
38,terminal,f 38,C12=NSN=C1OCCO2,"{'25%': 0.518541015156053, 'std': 1.256684843181507, 'min': 0.00017454998416499998, 'max': 7.8118392264334418, 'whishi': 4.9586905853053, 'mean': 1.5731453041146237, 'whislo': 0.00017454998416499998, 'cilo': 1.266682487096602, 'count': 2333.0, '50%': 1.35324595620843, '75%': 2.3032202077977399, 'cihi': 1.4086264067337622}",1.573145304,1.256684843,5677,11.07577649,5677,11.10415648,0,0,-11.10415648,,,,,,,
40,terminal,f 40,O=C1C(C2=C(C3=CC=C(C4=C(F)C(F)=C([N+]#[C-])C(F)=C4F)S3)N1)=C(C5=CC=C(C6=C(F)C(F)=C(C#N)C(F)=C6F)S5)NC2=O,"{'25%': nan, 'std': nan, 'min': nan, 'max': nan, 'whishi': nan, 'mean': nan, 'whislo': nan, 'cilo': nan, 'count': 0.0, '50%': nan, '75%': nan, 'cihi': nan}",,,0,0,0,0,0,0,0,,,,,,,
44,spacer,f 44,O=C(NC1=O)C2=CC([He])=C3C4=C(C(NC3=O)=O)C=C([He])C1=C42,"{'25%': nan, 'std': nan, 'min': nan, 'max': nan, 'whishi': nan, 'mean': nan, 'whislo': nan, 'cilo': nan, 'count': 0.0, '50%': nan, '75%': nan, 'cihi': nan}",,,0,0,0,0,0,0,0,,,,,,,
46,spacer,f 46,C12=C[SiH2]C=C1OCCO2,"{'25%': 1.0274616463509649, 'std': 1.4266823449937742, 'min': 2.43477726362684e-05, 'max': 10.7695986303388, 'whishi': 6.051020754338241, 'mean': 2.130210148215494, 'whislo': 2.43477726362684e-05, 'cilo': 1.9331337029283222, 'count': 1946.0, '50%': 1.9776720092220099, '75%': 3.0646492874361728, 'cihi': 2.0393652818021897}",2.130210148,1.426682345,3480,6.78944904,3470,6.787286064,10,7.692307692,0.905021629,0.384548514,0.384548514,-0.042299047,-0.412550343,-0.026740514,-0.418477691,-0.208130704
47,terminal,f 47,O=CC1=CC=CS1,"{'25%': 0.51633508280124707, 'std': 1.4238523034894863, 'min': 5.2975638660246501e-05, 'max': 11.740876504094301, 'whishi': 5.1140612517373603, 'mean': 1.606040275102252, 'whislo': 5.2975638660246501e-05, 'cilo': 1.2038422489169101, 'count': 4817.0, '50%': 1.2568108820501398, '75%': 2.36214153267708, 'cihi': 1.294491406495178}",1.606040275,1.423852303,11028,21.51552989,11011,21.53740831,17,13.07692308,-8.460485236,-2.381207673,-2.381207673,-0.882025048,-0.932074713,-0.646480707,-0.899523892,-1.07438076
48,terminal,f 48,CN1C=NC(C#N)=C1C#N,"{'25%': 0.41749562700597048, 'std': 1.2278238171483262, 'min': 0.0026963443765290001, 'max': 5.1629930774562185, 'whishi': 4.4819202099552404, 'mean': 1.4136721908151995, 'whislo': 0.0026963443765290001, 'cilo': 0.72227229063075526, 'count': 91.0, '50%': 0.90697306768857799, '75%': 2.1864397174454897, 'cihi': 1.5711329650196715}",1.413672191,1.227823817,534,1.041829249,534,1.044498778,0,0,-1.044498778,,,,,,,
49,terminal,f 49,C12=NSN=C1C=CC=C2,"{'25%': 0.66870681807015597, 'std': 1.4484814274876525, 'min': 0.00017454998416499998, 'max': 10.129536962325501, 'whishi': 5.5182604291691604, 'mean': 1.8031647165036104, 'whislo': 0.00017454998416499998, 'cilo': 1.449382724214936, 'count': 2345.0, '50%': 1.5078936870584201, '75%': 2.61270248454244, 'cihi': 1.5952773801620501}",1.803164717,1.448481427,5296,10.33244888,5285,10.33740831,11,8.461538462,-1.875869851,-0.728721386,-0.728721386,0.095160044,1.036935449,0.540148917,-0.891936831,
50,spacer,f 50,C=C1C2C(C(C(C=CC=C3)=C3N2C)=C(C#N)C#N)N(C4=CC=CC=C41)C,"{'25%': 1.1574526718558324, 'std': 1.1309632609025562, 'min': 0.038627604120527001, 'max': 7.4729515805504301, 'whishi': 4.6438857796515096, 'mean': 1.9282602683557957, 'whislo': 0.038627604120527001, 'cilo': 1.8018038308435043, 'count': 204.0, '50%': 1.894175116560755, '75%': 2.6124637140590923, 'cihi': 2.0604989140913501}",1.928260268,1.130963261,228,0.444825972,228,0.44596577,0,0,-0.44596577,,,,,,,
51,terminal/spacer,f 51/f 55,C12=CSC=C1SCCO2,"{'25%': 0.91244145579777303, 'std': 1.371909979901252, 'min': 0.00048649469751899999, 'max': 10.129536962325501, 'whishi': 5.44782954922887, 'mean': 1.9503545951258896, 'whislo': 0.00048649469751899999, 'cilo': 1.722058454935778, 'count': 2173.0, '50%': 1.7746636682208401, '75%': 2.7526672873383999, 'cihi': 1.8365722282002959}",1.950354595,1.37190998,3811,7.435227095,3803,7.438630807,8,6.153846154,-1.284784653,-0.580272357,-0.580272357,-0.694360711,0.061219907,0.535626989,-0.516766081,
52,terminal,f 52,C12=CSC=C1SCCS2,"{'25%': 0.74244253510096903, 'std': 1.3450278524239792, 'min': 0.00072599142950999999, 'max': 8.9485336162466496, 'whishi': 5.6681033574468103, 'mean': 1.847907000275014, 'whislo': 0.00072599142950999999, 'cilo': 1.5599806456338596, 'count': 1153.0, '50%': 1.7112900557292601, '75%': 2.73517674375237, 'cihi': 1.7815380727583743}",1.847907,1.345027852,1929,3.763461839,1924,3.763325183,5,3.846153846,0.082828663,0.032115277,0.032115277,-0.499466245,,,,
54,terminal,f 54,O=C(C(C=CC=C1)=C1C2=C(C#N)C#N)C2=CC=C3NC4=CC=CC=C4O3,"{'25%': 1.92630448107896, 'std': 0.6432760727037885, 'min': 1.2970239662010601, 'max': 3.3587845345491201, 'whishi': 3.3587845345491201, 'mean': 2.4759011655380712, 'whislo': 1.2970239662010601, 'cilo': 2.1937477448483502, 'count': 21.0, '50%': 2.5984942222593599, '75%': 2.9749925222104103, 'cihi': 2.9749925222104103}",2.475901166,0.643276073,21,0.040970813,21,0.041075795,0,0,-0.041075795,,,,,,,
56,spacer,f 56,[He]C1=C2C(SCCS2)=C([He])S1,"{'25%': nan, 'std': nan, 'min': nan, 'max': nan, 'whishi': nan, 'mean': nan, 'whislo': nan, 'cilo': nan, 'count': 0.0, '50%': nan, '75%': nan, 'cihi': nan}",,,0,0,0,0,0,0,0,,,,,,,
57,spacer,f 57,N#CC(C#N)=C1C2=C(SC=C2)C3=C1C=CS3,"{'25%': 1.3071764871157199, 'std': 1.3086750220769428, 'min': 0.044584825399029998, 'max': 8.0347404872361299, 'whishi': 5.31207593832979, 'mean': 2.2395504952798571, 'whislo': 0.044584825399029998, 'cilo': 1.996223865569632, 'count': 583.0, '50%': 2.0678853122665699, '75%': 3.0318104670211952, 'cihi': 2.200075912916998}",2.239550495,1.308675022,756,1.474949274,755,1.476772616,1,0.769230769,-0.707541847,-0.676480635,-0.676480635,,,,,
58,spacer,f 58,C1(C(SC=C2)=C2C34OCCO4)=C3C=CS1,"{'25%': 1.01123486930655, 'std': 1.5360855161002429, 'min': 0.016883687461971001, 'max': 12.2669626374842, 'whishi': 6.0310247099632299, 'mean': 2.1648499399757477, 'whislo': 0.016883687461971001, 'cilo': 1.6807142818848582, 'count': 576.0, '50%': 1.8509407897433001, '75%': 3.0614184674365204, 'cihi': 2.0059187653648958}",2.16484994,1.536085516,808,1.576400812,806,1.576528117,2,1.538461538,-0.038066579,-0.045710313,-0.045710313,-0.169117393,0.495377449,0.772779619,1.11824107,1.35555196
59,spacer,f 59,C1(C(SC=C2)=C2C34SCCS4)=C3C=CS1,"{'25%': 0.96317842825608402, 'std': 1.4786304470262088, 'min': 0.0022466552224380001, 'max': 7.9552125711701001, 'whishi': 5.4732479132437097, 'mean': 2.0885866584609203, 'whislo': 0.0022466552224380001, 'cilo': 1.6571342194180561, 'count': 349.0, '50%': 1.92961418642307, '75%': 2.8125733034612899, 'cihi': 2.0131609509428081}",2.088586658,1.478630447,555,1.082800062,555,1.085574572,0,0,-1.085574572,,,,,,,
60,spacer,f 60,C12=CSC=C1N=CC=N2,"{'25%': 1.0463879578178925, 'std': 1.3968284555407877, 'min': 7.6571266689917596e-05, 'max': 10.7695986303388, 'whishi': 5.2663216962108397, 'mean': 2.0442305408535408, 'whislo': 7.6571266689917596e-05, 'cilo': 1.7476349152097499, 'count': 1288.0, '50%': 1.81484322732961, '75%': 2.7802668253602905, 'cihi': 1.8916772375961299}",2.044230541,1.396828456,1779,3.470813173,1772,3.46601467,7,5.384615385,1.918600715,1.172492234,1.172492234,1.513164997,1.440836301,-0.041150735,0.275434883,0.483298826
61,spacer,f 61,C12=CSC=C1C=C3C(N=S=N3)=C2,"{'25%': 2.3773833743546504, 'std': 1.9000449832422315, 'min': 0.010891874131807, 'max': 11.763508320461801, 'whishi': 7.5293239925162183, 'mean': 3.652606590860461, 'whislo': 0.010891874131807, 'cilo': 3.3846781865048681, 'count': 1067.0, '50%': 3.5350100408337699, '75%': 4.4533926051921542, 'cihi': 3.6379017330381558}",3.652606591,1.900044983,1247,2.432885906,1208,2.362836186,39,30,27.63716381,20.33494189,20.33494189,15.1318236,11.49012049,8.617714407,8.947831454,8.510605384
62,terminal,f 62,C=C1N(C2=CC=CC=C2O1)C,"{'25%': 1.4897794525169601, 'std': 2.0010561543539342, 'min': 0.011391785373710999, 'max': 9.3247566111792608, 'whishi': 7.3303525160637486, 'mean': 2.8885811547364577, 'whislo': 0.011391785373710999, 'cilo': 2.2546220802489905, 'count': 133.0, '50%': 2.5984942222593599, '75%': 3.8264691730767, 'cihi': 2.9749925222104103}",2.888581155,2.001056154,424,0.827220228,420,0.821515892,4,3.076923077,2.255407185,2.816743967,2.816743967,4.311611678,1.198000327,,,
63,terminal,f 63,C=C1N(C)C2=CC=CC=C2C1(C)C,"{'25%': 0.93461738578791276, 'std': 1.5386915446066534, 'min': 0.000120416979084, 'max': 9.667380145294759, 'whishi': 5.79091508644487, 'mean': 2.0900480953083833, 'whislo': 0.000120416979084, 'cilo': 1.7738428329932221, 'count': 961.0, '50%': 1.8480636678411999, '75%': 2.8833540429008799, 'cihi': 1.9393211321758299}",2.090048095,1.538691545,2199,4.290229437,2195,4.293398533,4,3.076923077,-1.216475456,-0.699465329,-0.699465329,-0.694376564,0.258348758,-0.258719947,,
64,terminal,f 64,C=C1N(C2=CC=CC=C2S1)C,"{'25%': 1.3221597699351173, 'std': 1.3742906338775227, 'min': 0.034359354826416999, 'max': 12.393401920259302, 'whishi': 5.35168513667747, 'mean': 2.2677380904877946, 'whislo': 0.034359354826416999, 'cilo': 2.0302076781963101, 'count': 618.0, '50%': 2.1477577696886101, '75%': 2.9374406029610451, 'cihi': 2.2670837122616438}",2.26773809,1.374290634,846,1.650538474,842,1.646943765,3,2.307692308,0.660748542,1.261868102,1.261868102,0.691184593,1.705228122,2.157015825,2.739656267,3.150843931
65,terminal,f 65,CC(C1=CC=CC=C1N2C)(C)C2=CC=C3C(C(C=CC=C4)=C4C3=C(C#N)C#N)=O,"{'25%': 1.1843245291909152, 'std': 0.9621426979985731, 'min': 0.019224964659101, 'max': 4.5760804176852199, 'whishi': 4.5760804176852199, 'mean': 1.9523392891214915, 'whislo': 0.019224964659101, 'cilo': 1.8531560582210203, 'count': 255.0, '50%': 2.0253926128999602, '75%': 2.6359728030820397, 'cihi': 2.1139059689708799}",1.952339289,0.962142698,267,0.520914625,267,0.522249389,0,0,-0.522249389,,,,,,,
66,terminal,f 66,O=C(C1=CC=C2N(C)C3=CC=CC=C3S2)C4=C(C1=C(C#N)C#N)C=CC=C4,"{'25%': 1.3223404252748248, 'std': 1.0304091349187128, 'min': 0.036965366861477014, 'max': 5.0546109524494103, 'whishi': 5.0546109524494103, 'mean': 2.120906797787752, 'whislo': 0.036965366861477014, 'cilo': 2.0501043815427957, 'count': 519.0, '50%': 2.1406961309036601, '75%': 2.8485561250111804, 'cihi': 2.2647731646861899}",2.120906798,1.030409135,535,1.04378024,535,1.046454768,0,0,-1.046454768,,,,,,,
67,terminal,f 67,O=C(C(C=CC=C1)=C1C2=C(C#N)C#N)C2=CC=C3NC4=CC=CC=C4S3,"{'25%': 1.3209596377713972, 'std': 1.0340859764266048, 'min': 0.036965366861477014, 'max': 5.0546109524494103, 'whishi': 5.0546109524494103, 'mean': 2.1174475814062346, 'whislo': 0.036965366861477014, 'cilo': 2.05066911680884, 'count': 528.0, '50%': 2.1401447830793101, '75%': 2.8481820115848153, 'cihi': 2.2195901485791021}",2.117447581,1.034085976,545,1.063290151,545,1.06601467,0,0,-1.06601467,,,,,,,
68,terminal,f 68,NC1=CC=CC=C1,"{'25%': 1.382011359376115, 'std': 1.7674832846846089, 'min': 4.2116690140869801e-05, 'max': 12.393401920259302, 'whishi': 6.7746735902932498, 'mean': 2.627098803267276, 'whislo': 4.2116690140869801e-05, 'cilo': 2.3069091172543881, 'count': 4003.0, '50%': 2.36196010356936, '75%': 3.5478391618023046, 'cihi': 2.4249206735207061}",2.627098803,1.767483285,6534,12.74777587,6473,12.66112469,60,46.15384615,33.49272146,11.6203211,11.6203211,8.814152211,6.73799084,5.024518637,5.240190457,4.739745592
69,terminal,f 69/f 53,C=C1SC2=CC=CC=C2S1,"{'25%': 0.79370543874556987, 'std': 1.6215810047196817, 'min': 0.042032918643209002, 'max': 8.4322104459584111, 'whishi': 5.6400340088945304, 'mean': 2.0407757391951948, 'whislo': 0.042032918643209002, 'cilo': 1.4994301714561558, 'count': 165.0, '50%': 1.67358528158757, '75%': 2.7970582901313903, 'cihi': 1.9486080525272096}",2.040775739,1.621581005,312,0.608709224,310,0.606356968,2,1.538461538,0.93210457,1.35255403,1.35255403,,,,,
70,terminal,f 70,C=C(C1=C2C(C=CC=C23)=CC=C1)N3C,"{'25%': 1.36641314856243, 'std': 1.8945146471770642, 'min': 0.0025516207275520001, 'max': 9.8236430580437766, 'whishi': 7.5837935305803086, 'mean': 2.9541854525516262, 'whislo': 0.0025516207275520001, 'cilo': 2.2885352060997119, 'count': 104.0, '50%': 2.8172631603328853, '75%': 4.2721982360151003, 'cihi': 3.4083627915475736}",2.954185453,1.894514647,250,0.487747776,248,0.485085575,2,1.538461538,1.053375964,1.709047352,1.709047352,2.71050058,1.861911316,2.237789568,,
71,terminal,f 71,CN1C2=CC=C3C(C4=CC=C3)=C2C(C=C4)=C1,"{'25%': 2.8172497661903373, 'std': 1.8345760392065933, 'min': 1.8809801533654, 'max': 6.8743978434440001, 'whishi': 6.8743978434440001, 'mean': 4.0241372460234617, 'whislo': 1.8809801533654, 'cilo': 2.6447201527992856, 'count': 6.0, '50%': 3.8241584418802703, '75%': 4.9006759014279195, 'cihi': 6.2282689300405059}",4.024137246,1.834576039,16,0.031215858,16,0.031295844,0,0,-0.031295844,,,,,,,
72,terminal,f 72,C=C(C(C1=CC=CC=C1)(C2=CC=CC=C2)C3=CC=CC=C34)N4C,"{'25%': 0.76391663188383252, 'std': 1.6149468251912718, 'min': 0.000120416979084, 'max': 8.0418257948502898, 'whishi': 6.0879053405013002, 'mean': 2.0507078317760463, 'whislo': 0.000120416979084, 'cilo': 1.5925663149999401, 'count': 622.0, '50%': 1.6855843606189849, '75%': 2.8948053557278501, 'cihi': 1.7970554607334901}",2.050707832,1.614946825,1688,3.293272983,1687,3.299755501,1,0.769230769,-2.530524732,-1.62461587,-1.62461587,,,,,
74,terminal,f 74,CC1(C)C=C(C#N)C(O1)=C(C#N)C#N,"{'25%': 1.086260535532205, 'std': 1.0630894174577079, 'min': 0.080621719792445007, 'max': 4.23962730774908, 'whishi': 4.23962730774908, 'mean': 1.7709940201782837, 'whislo': 0.080621719792445007, 'cilo': 1.542877958826564, 'count': 60.0, '50%': 1.6047797518456199, '75%': 2.4558738633532897, 'cihi': 1.9585461706125757}",1.77099402,1.063089417,276,0.538473545,276,0.539853301,0,0,-0.539853301,,,,,,,
75,terminal,f 75,N#CC1=CC(C2=CC=CC=C2)(C3=CC=CC=C3)OC1=C(C#N)C#N,"{'25%': nan, 'std': nan, 'min': nan, 'max': nan, 'whishi': nan, 'mean': nan, 'whislo': nan, 'cilo': nan, 'count': 0.0, '50%': nan, '75%': nan, 'cihi': nan}",,,42,0.081941626,42,0.082151589,0,0,-0.082151589,,,,,,,
76,terminal,f 76,CC1(C)C=C(C#N)C(S1)=C(C#N)C#N,"{'25%': 0.82362884408269954, 'std': 1.1275520116910314, 'min': 0.041957790120208005, 'max': 4.5796776951696607, 'whishi': 3.8838845184455, 'mean': 1.6680667038469967, 'whislo': 0.041957790120208005, 'cilo': 1.262683520468012, 'count': 47.0, '50%': 1.5618644952317, '75%': 2.0658189510933602, 'cihi': 1.89309273907628}",1.668066704,1.127552012,209,0.407757141,209,0.408801956,0,0,-0.408801956,,,,,,,
77,terminal,f 77,N#CC1=CC(C2=CC=CC=C2)(C3=CC=CC=C3)SC1=C(C#N)C#N,"{'25%': nan, 'std': nan, 'min': nan, 'max': nan, 'whishi': nan, 'mean': nan, 'whislo': nan, 'cilo': nan, 'count': 0.0, '50%': nan, '75%': nan, 'cihi': nan}",,,16,0.031215858,16,0.031295844,0,0,-0.031295844,,,,,,,
78,terminal,f 78,C12=CC=CC=C1N=CS2,"{'25%': 0.54306842614595352, 'std': 1.5349112411438086, 'min': 0.0067397732406250001, 'max': 11.806205490619901, 'whishi': 3.8571550128896801, 'mean': 1.502559631485102, 'whislo': 0.0067397732406250001, 'cilo': 0.96365204256787396, 'count': 220.0, '50%': 1.132749997573625, '75%': 1.9368433372911649, 'cihi': 1.2629895021798601}",1.502559631,1.534911241,519,1.012564383,517,1.011246944,2,1.538461538,0.527214595,0.588543094,0.588543094,0.277674073,0.968176332,1.270030261,1.655499686,1.925523483
79,terminal,f 79,C12=C(C=CS2)N=CS1,"{'25%': 0.48205680937443551, 'std': 1.3302500375658846, 'min': 0.0069805341885519996, 'max': 8.0798525633326701, 'whishi': 3.32760325849075, 'mean': 1.3703381601988698, 'whislo': 0.0069805341885519996, 'cilo': 0.85927848894504333, 'count': 287.0, '50%': 1.0530447356692101, '75%': 1.6781286315724799, 'cihi': 1.1935606104616141}",1.37033816,1.330250038,474,0.924769783,473,0.925183374,1,0.769230769,-0.155952605,-0.193250616,-0.193250616,,,,,
80,terminal,f 80,C12=C(SC=C2)N=CS1,"{'25%': 0.52652404635415995, 'std': 1.4029885862698017, 'min': 0.0085785730440020008, 'max': 8.61666702609668, 'whishi': 3.4891029820733399, 'mean': 1.4159293244957321, 'whislo': 0.0085785730440020008, 'cilo': 0.94695649567641405, 'count': 289.0, '50%': 1.0073949822183901, '75%': 1.8074731763798, 'cihi': 1.1855149138500498}",1.415929324,1.402988586,474,0.924769783,473,0.925183374,1,0.769230769,-0.155952605,-0.193250616,-0.193250616,0.369917285,,,,
81,spacer,f 81,N#CC(C#N)=C1C=COC=C1,"{'25%': 0.64449320256083453, 'std': 1.2175769787104185, 'min': 0.0031410935543789999, 'max': 9.3247566111792608, 'whishi': 4.7127285273445398, 'mean': 1.592505937719201, 'whislo': 0.0031410935543789999, 'cilo': 1.322824987593662, 'count': 1250.0, '50%': 1.3871901274077301, '75%': 2.2779036796111072, 'cihi': 1.484092087695986}",1.592505938,1.217576979,2129,4.153660059,2127,4.160391198,2,1.538461538,-2.62192966,-1.508809575,-1.508809575,-1.225012579,-0.497698525,,,
82,spacer,f 82,N#CC(C#N)=C1C=CSC=C1,"{'25%': 0.75351989245821904, 'std': 1.2663177111068331, 'min': 0.0034683468528859999, 'max': 11.021777371310401, 'whishi': 5.1945723629179099, 'mean': 1.7655456047107045, 'whislo': 0.0034683468528859999, 'cilo': 1.546604464639824, 'count': 1369.0, '50%': 1.6263473881682, '75%': 2.5647472083788703, 'cihi': 1.7457946652110419}",1.765545605,1.266317711,1870,3.648353364,1868,3.653789731,2,1.538461538,-2.115328193,-1.29682067,-1.29682067,-0.45377363,0.493098352,0.882002514,1.361837201,1.688999856
84,spacer,f 84,O=C1C(C2=CC=CC=C2N1C)=C(C3=C(C=CC=C3)N4C)C4=O,"{'25%': 1.537255055185615, 'std': 1.168729578990513, 'min': 0.00122711143244, 'max': 6.7639241487726292, 'whishi': 4.8634175700300899, 'mean': 2.2970882969692079, 'whislo': 0.00122711143244, 'cilo': 2.0549528756274471, 'count': 448.0, '50%': 2.1818567659595201, '75%': 2.9375971495597901, 'cihi': 2.2873477210176705}",2.297088297,1.168729579,454,0.885749961,454,0.88801956,0,0,-0.88801956,,,,,,,
85,spacer,f 85,C[Si](C1=C2SC=C1)(C)C3=C2SC=C3,"{'25%': 0.8543605692393067, 'std': 1.495618177308413, 'min': 5.2975638660246501e-05, 'max': 10.782553794412999, 'whishi': 5.8846022941827094, 'mean': 1.9942681574394088, 'whislo': 5.2975638660246501e-05, 'cilo': 1.6755433240378981, 'count': 750.0, '50%': 1.7760779154934101, '75%': 2.8664758844542697, 'cihi': 1.8575366780395581}",1.994268157,1.495618177,1317,2.569455283,1314,2.570171149,3,2.307692308,-0.262478841,-0.202354416,-0.202354416,0.783569833,-0.002113488,0.264508393,0.585893943,0.800837823
86,spacer,f 86,C1([Si](C2=CC=CC=C2)(C3=CC=CC=C3)C4=C5SC=C4)=C5SC=C1,"{'25%': 0.50493566028052128, 'std': 1.3745335503903104, 'min': 0.024501643880825, 'max': 6.8236728709197001, 'whishi': 4.6164144988576998, 'mean': 1.589317350947677, 'whislo': 0.024501643880825, 'cilo': 0.93880100588503335, 'count': 94.0, '50%': 1.291007869946815, '75%': 2.4736396415470576, 'cihi': 1.6212528894106089}",1.589317351,1.37453355,220,0.429218043,220,0.430317848,0,0,-0.430317848,,,,,,,
87,spacer,f 87,O=C1C=C(C#N)C(S1)=C(C#N)C#N,"{'25%': nan, 'std': nan, 'min': nan, 'max': nan, 'whishi': nan, 'mean': nan, 'whislo': nan, 'cilo': nan, 'count': 0.0, '50%': nan, '75%': nan, 'cihi': nan}",,,3,0.005852973,3,0.005867971,0,0,-0.005867971,,,,,,,
88,core,f 88,O=C(C1=CC2=C(C=C1C3=O)C4=CC=CC5=C4C2=CC=C5C#N)N3C,"{'25%': 0.73154425624593755, 'std': 1.3751014049295003, 'min': 0.0017366835316389999, 'max': 7.9552125711701001, 'whishi': 5.82171656748669, 'mean': 1.8501267615221315, 'whislo': 0.0017366835316389999, 'cilo': 1.4157933722133582, 'count': 659.0, '50%': 1.6487641822431398, '75%': 2.8073554924589148, 'cihi': 1.762852948934158}",1.850126762,1.375101405,1252,2.442640862,1252,2.448899756,0,0,-2.448899756,,,,,,,
89,terminal,f 89,O=C(C1=C(C2=CC=CS2)C3=C(C(C4=CC=CS4)=C1C5=O)C6=CC=CC7=C6C3=CC=C7)N5C,"{'25%': 0.53127047304087405, 'std': 1.7544385665889852, 'min': 0.036510970261601002, 'max': 7.9552125711701001, 'whishi': 3.3433553238593503, 'mean': 1.6728888574147611, 'whislo': 0.036510970261601002, 'cilo': 0.68893872691637315, 'count': 35.0, '50%': 0.97009068080320282, '75%': 1.9791035923925451, 'cihi': 1.6975889166887053}",1.672888857,1.754438567,65,0.126814422,65,0.127139364,0,0,-0.127139364,,,,,,,
90,spacer,f 90,C12=CC=CC=C1N=CO2,"{'25%': 0.56276615498799532, 'std': 1.4345160608414311, 'min': 0.00093030190599300005, 'max': 11.763508320461801, 'whishi': 4.9469574157804903, 'mean': 1.6564985083172625, 'whislo': 0.00093030190599300005, 'cilo': 1.2764146825482479, 'count': 2356.0, '50%': 1.3419658695441949, '75%': 2.3196102399208773, 'cihi': 1.3688799567071788}",1.656498508,1.434516061,5017,9.788122366,5008,9.795599022,9,6.923076923,-2.872522099,-1.125317223,-1.125317223,-1.688109115,-0.979692993,-0.575518308,-0.110073916,0.18892215
91,terminal,f 91,CC1=CN=C2N1C=CC=N2,"{'25%': 0.42765765321903382, 'std': 1.179832134230373, 'min': 0.0025216872703729999, 'max': 8.3965717271869309, 'whishi': 3.3423018483566702, 'mean': 1.2310116710754073, 'whislo': 0.0025216872703729999, 'cilo': 0.82952415733474671, 'count': 292.0, '50%': 0.98904151280053565, '75%': 1.6502425784573223, 'cihi': 1.1456034702254581}",1.231011671,1.179832134,535,1.04378024,534,1.044498778,1,0.769230769,-0.275268008,-0.316207576,-0.316207576,,,,,
92,terminal,f 92,O=C1C=C(C)OC2=CC=CC=C21,"{'25%': 0.51016392160125945, 'std': 1.2017760826790873, 'min': 0.034467566234422015, 'max': 6.75900622131799, 'whishi': 4.2352503814654598, 'mean': 1.4720997154255762, 'whislo': 0.034467566234422015, 'cilo': 1.0715082038033601, 'count': 107.0, '50%': 1.2261119821372699, '75%': 2.0748192449793148, 'cihi': 1.63320489312835}",1.472099715,1.201776083,322,0.628219135,322,0.629828851,0,0,-0.629828851,,,,,,,
93,terminal,f 93,O=C1C2=CC=CC=C2C=C(C)O1,"{'25%': 0.39885112377800758, 'std': 1.1163195440555338, 'min': 0.013688379940088998, 'max': 6.0693233821279904, 'whishi': 4.35339435114882, 'mean': 1.3377406059068964, 'whislo': 0.013688379940088998, 'cilo': 0.85335476281281841, 'count': 147.0, '50%': 1.0734032113776899, '75%': 2.0364440541199054, 'cihi': 1.4454706870013521}",1.337740606,1.116319544,327,0.637974091,327,0.639608802,0,0,-0.639608802,,,,,,,
94,terminal,f 94,O=C(C=C1)SC1=C,"{'25%': nan, 'std': nan, 'min': nan, 'max': nan, 'whishi': nan, 'mean': nan, 'whislo': nan, 'cilo': nan, 'count': 0.0, '50%': nan, '75%': nan, 'cihi': nan}",,,3,0.005852973,3,0.005867971,0,0,-0.005867971,,,,,,,
95,terminal,f 95,C#CC1=C(F)C(F)=C(C#N)S1,"{'25%': 0.52670879441997054, 'std': 1.2805310918270654, 'min': 0.0011974708863089999, 'max': 4.86145619043889, 'whishi': 4.86145619043889, 'mean': 1.6375351404811935, 'whislo': 0.0011974708863089999, 'cilo': 1.0074090283304904, 'count': 108.0, '50%': 1.3739616744742149, '75%': 2.4547994180090349, 'cihi': 1.7266538074042059}",1.63753514,1.280531092,307,0.598954269,307,0.600488998,0,0,-0.600488998,,,,,,,
96,terminal,f 96,O=CC1=CC(F)=C(C#N)O1,"{'25%': nan, 'std': nan, 'min': nan, 'max': nan, 'whishi': nan, 'mean': nan, 'whislo': nan, 'cilo': nan, 'count': 0.0, '50%': nan, '75%': nan, 'cihi': nan}",,,0,0,0,0,0,0,0,,,,,,,
98,core,f 98,N#CC1=CC=C(SC=C2)C2=C1,"{'25%': 0.47615930326625988, 'std': 1.0864346552908066, 'min': 0.00072599142950999999, 'max': 6.94958880531731, 'whishi': 4.2952809183040896, 'mean': 1.3620863828637761, 'whislo': 0.00072599142950999999, 'cilo': 1.041846171120266, 'count': 2327.0, '50%': 1.1013180475839, '75%': 2.0189859864843154, 'cihi': 1.161635455862422}",1.362086383,1.086434655,6071,11.84446699,6071,11.87481663,0,0,-11.87481663,,,,,,,
99,terminal,f 99,FC(S1)=CC2=C1N=C(SC(F)=C3)C3=C2,"{'25%': 0.31995847649695508, 'std': 1.1028129529527571, 'min': 0.26923261131565601, 'max': 3.0914166591657102, 'whishi': 0.60197732557067796, 'mean': 0.85413126005375617, 'whislo': 0.26923261131565601, 'cilo': 0.27658826306624551, 'count': 6.0, '50%': 0.43910852472682904, '75%': 0.56403671615709428, 'cihi': 1.0543364609933821}",0.85413126,1.102812953,12,0.023411893,12,0.023471883,0,0,-0.023471883,,,,,,,
100,terminal,f 100,O=C(O)C1=C(C#N)ON=C1C#N,"{'25%': 0.87864381611232201, 'std': 2.546746659140787, 'min': 0.0017916316026949999, 'max': 7.1574155517264497, 'whishi': 2.6364888535638649, 'mean': 2.3337376980885232, 'whislo': 0.0017916316026949999, 'cilo': 0.58861820037827961, 'count': 8.0, '50%': 1.480554057012115, '75%': 2.6364888535638649, 'cihi': 4.7881988441661392}",2.333737698,2.546746659,74,0.144373342,74,0.144743276,0,0,-0.144743276,,,,,,,
101,spacer,f 101,N#CC1=CSC2=C1C(C(C#N)=CS3)=C3S2,"{'25%': 0.47155311824522272, 'std': 1.3145568599209727, 'min': 0.0048558903383870006, 'max': 8.9115219266843599, 'whishi': 4.3771369522086001, 'mean': 1.5341015110798923, 'whislo': 0.0048558903383870006, 'cilo': 1.029440599422436, 'count': 244.0, '50%': 1.1916895571307751, '75%': 2.294714119697165, 'cihi': 1.5384205820135999}",1.534101511,1.31455686,695,1.355938817,694,1.357457213,1,0.769230769,-0.588226443,-0.587189938,-0.587189938,-0.01693958,,,,
105,sapcer/core/spacer,f 105/f 109/f 110,O=C(C1=CC=CS1)C2=COC=C2,"{'25%': 0.50854807325641671, 'std': 1.4319749314103107, 'min': 5.2975638660246501e-05, 'max': 11.740876504094301, 'whishi': 5.13939592452975, 'mean': 1.6040842455457964, 'whislo': 5.2975638660246501e-05, 'cilo': 1.2091309653435491, 'count': 4608.0, '50%': 1.24903811672714, '75%': 2.3629515267022976, 'cihi': 1.2817867575704609}",1.604084246,1.431974931,10557,20.59661308,10540,20.61613692,17,13.07692308,-7.539213842,-2.159220275,-2.159220275,-0.699328542,-0.805156216,-0.532418004,-0.807435263,-0.995293542
106,core,f 106/f 107,C1=CN=CN=C1,"{'25%': 0.71392860015477355, 'std': 1.4973683495667429, 'min': 2.43477726362684e-05, 'max': 11.991670138499099, 'whishi': 5.5585792525942015, 'mean': 1.8666193385146621, 'whislo': 2.43477726362684e-05, 'cilo': 1.5570823111745882, 'count': 13718.0, '50%': 1.5892768144534304, '75%': 2.6530030960987352, 'cihi': 1.6180408434730598}",1.866619339,1.49736835,29327,57.21671609,29249,57.21075795,78,60,2.789242054,0.538594257,0.538594257,-0.213125344,-1.07312614,-1.537376713,-1.115293781,-1.095413052
108,spacer,f 108,C=CC1=NC=NC=C1,"{'25%': 0.66215664317626755, 'std': 1.6125369720078058, 'min': 0.000120416979084, 'max': 11.991670138499099, 'whishi': 5.9037917425038495, 'mean': 1.9228057134186525, 'whislo': 0.000120416979084, 'cilo': 1.5291970728908542, 'count': 3998.0, '50%': 1.5723236680163049, '75%': 2.7691325537224256, 'cihi': 1.6266032398458401}",1.922805713,1.612536972,7821,15.25870142,7794,15.24498778,27,20.76923077,5.524242994,1.705672698,1.705672698,1.464057014,0.912823731,1.230268524,2.16043243,1.477318819
111,core,f 111,O=C1NC2=C(C=CC=C2)C1=C(S3)C=CC3=C4SC(C=C4)=C5C(NC6=C5C=CC=C6)=O,"{'25%': 3.9070615446392023, 'std': 1.9257960886253569, 'min': 0.107789259047016, 'max': 11.806205490619901, 'whishi': 8.8089141871703696, 'mean': 5.0572179501336461, 'whislo': 0.86969859221931989, 'cilo': 4.7746884740854121, 'count': 102.0, '50%': 4.9599361129812989, '75%': 6.0806337825093477, 'cihi': 5.3592580893000612}",5.05721795,1.925796089,124,0.241922897,117,0.228850856,7,5.384615385,5.155764529,11.9009057,11.9009057,8.98193595,6.213830189,7.165175197,8.450478929,4.589731633
112,spacer,f 112,FC(S1)=C(F)C2=C1N=C(SC=C3)C3=C2,"{'25%': 0.42842240622375533, 'std': 1.1334021667473464, 'min': 4.2116690140869801e-05, 'max': 6.9585143109046399, 'whishi': 4.3601916061774801, 'mean': 1.3239895430367361, 'whislo': 4.2116690140869801e-05, 'cilo': 0.90627302938398802, 'count': 812.0, '50%': 0.97003840407091746, '75%': 2.012332589870955, 'cihi': 1.1184340233426688}",1.323989543,1.133402167,1604,3.12938973,1604,3.137408313,0,0,-3.137408313,,,,,,,
113,terminal,f 113,O=CC1=CC=NO1,"{'25%': 0.43840105463651702, 'std': 1.8639770050945779, 'min': 0.019845839858569001, 'max': 6.9533009691309591, 'whishi': 3.9114118589055495, 'mean': 1.8187936721604294, 'whislo': 0.019845839858569001, 'cilo': 0.69533531049119912, 'count': 25.0, '50%': 1.44339284312808, '75%': 2.4795562002651002, 'cihi': 1.859427270414403}",1.818793672,1.863977005,78,0.152177306,78,0.152567237,0,0,-0.152567237,,,,,,,
114,terminal,f 114/f 115,O=C(N1C=NC=C1)N2C=CN=C2,"{'25%': 0.3575170844844805, 'std': 1.6023494782827112, 'min': 0.0034683468528859999, 'max': 11.075324100268199, 'whishi': 4.1535646695416402, 'mean': 1.4623188099816342, 'whislo': 0.0034683468528859999, 'cilo': 0.82171114022999348, 'count': 195.0, '50%': 0.99537567438541197, '75%': 2.01567501690079, 'cihi': 1.3255805578726698}",1.46231881,1.602349478,644,1.256438271,641,1.253789731,3,2.307692308,1.053902577,1.063483187,1.063483187,1.097258238,2.171588733,2.661179387,3.299780277,1.637806566
117,terminal,f 117,O=CC1=COC(C2=CC(SC=C3)=C3S2)=N1,"{'25%': 0.66042966441296358, 'std': 1.0276880312739507, 'min': 0.019093139966518, 'max': 5.1398289157318304, 'whishi': 4.2655940537487798, 'mean': 1.4332336316016017, 'whislo': 0.019093139966518, 'cilo': 1.0019017074358567, 'count': 100.0, '50%': 1.3505670506962302, '75%': 2.1121454701018023, 'cihi': 1.4775049837017558}",1.433233632,1.027688031,137,0.267285781,137,0.26797066,0,0,-0.26797066,,,,,,,
118,terminal,f 118,O=CC1=COC=N1,"{'25%': 0.66042966441296358, 'std': 1.0276880312739507, 'min': 0.019093139966518, 'max': 5.1398289157318304, 'whishi': 4.2655940537487798, 'mean': 1.4332336316016017, 'whislo': 0.019093139966518, 'cilo': 1.173033684687014, 'count': 100.0, '50%': 1.3505670506962302, '75%': 2.1121454701018023, 'cihi': 1.4816272202462417}",1.433233632,1.027688031,137,0.267285781,137,0.26797066,0,0,-0.26797066,,,,,,,
119,terminal,f 119,N#CC1=CN=CS1,"{'25%': 0.809567300409756, 'std': 1.5197855389013535, 'min': 0.00021079476976899999, 'max': 12.2669626374842, 'whishi': 4.4484236134496298, 'mean': 1.7843309370101128, 'whislo': 0.00021079476976899999, 'cilo': 1.3593192516301498, 'count': 229.0, '50%': 1.43427045400473, '75%': 2.28240885446486, 'cihi': 1.6651476796026139}",1.784330937,1.519785539,717,1.398860621,715,1.398533007,2,1.538461538,0.139928531,0.124762253,0.124762253,0.935554294,1.983799011,2.457452381,3.072657479,1.501855848
120,spacer,f 120,O=C(O[H])C1=CSC=C1,"{'25%': 0.49268519500635599, 'std': 1.3935624725814564, 'min': 2.43477726362684e-05, 'max': 10.668708191603599, 'whishi': 4.6830753590841603, 'mean': 1.5340030268859011, 'whislo': 2.43477726362684e-05, 'cilo': 1.108887416799522, 'count': 1789.0, '50%': 1.1778020473931801, '75%': 2.1696897425236501, 'cihi': 1.252416501007922}",1.534003027,1.393562473,4844,9.450600905,4839,9.465036675,5,3.846153846,-5.618882829,-2.207072371,-2.207072371,-1.219778462,-0.923092849,-0.521398765,-0.786646835,-0.564999817
121,spacer,f 121,N#CC1=CSC(C#N)=C1,"{'25%': 0.79845629265291984, 'std': 1.2977299771587476, 'min': 0.0041112436024000002, 'max': 9.8236430580437766, 'whishi': 5.0923768064161203, 'mean': 1.8067172679674408, 'whislo': 0.0041112436024000002, 'cilo': 1.5795818876810228, 'count': 1560.0, '50%': 1.64261714803953, '75%': 2.5332239638498626, 'cihi': 1.7179527554801299}",1.806717268,1.297729977,4282,8.354143905,4278,8.367726161,4,3.076923077,-5.290803084,-2.195399999,-2.195399999,-1.363765668,-1.307277019,-0.994145539,,
123,terminal,f 123,O=C1NC2=CC=CC=C2C=C1C#N,"{'25%': 0.34195596002551876, 'std': 1.4502709236302231, 'min': 0.120649125461068, 'max': 4.9002791115574, 'whishi': 2.0540637907207402, 'mean': 1.2457444987520288, 'whislo': 0.120649125461068, 'cilo': 0.42811069470963448, 'count': 10.0, '50%': 0.74922652717438898, '75%': 1.6841588137476755, 'cihi': 2.0206703154100403}",1.245744499,1.450270924,66,0.128765413,66,0.129095355,0,0,-0.129095355,,,,,,,
124,terminal,f 124,O=CC1=CC=CC=C1[N+]([O-])=O,"{'25%': nan, 'std': nan, 'min': nan, 'max': nan, 'whishi': nan, 'mean': nan, 'whislo': nan, 'cilo': nan, 'count': 0.0, '50%': nan, '75%': nan, 'cihi': nan}",,,0,0,0,0,0,0,0,,,,,,,
126,spacer,f 126,O=C(NC1=O)C2=CC=C3C4=C(C5=C6C3=CC=C7C6=C(C(NC7=O)=O)C=C5S8)C8=CC1=C42,"{'25%': 0.36296423192534299, 'std': 0.61587952297896265, 'min': 0.0015104267072729993, 'max': 3.4802204226880096, 'whishi': 1.4269540137239298, 'mean': 0.730830073477024, 'whislo': 0.0015104267072729993, 'cilo': 0.56293778061804356, 'count': 73.0, '50%': 0.6207832822494711, '75%': 0.92455633365723, 'cihi': 0.72367482893965052}",0.730830073,0.615879523,120,0.234118932,120,0.234718826,0,0,-0.234718826,,,,,,,
127,spacer,f 127,[H]C(F)(F)F,"{'25%': 0.75264823224723099, 'std': 1.3775710377004875, 'min': 0.0026205967202039999, 'max': 8.4012974473185498, 'whishi': 5.5986348478232895, 'mean': 1.8732424664457661, 'whislo': 0.0026205967202039999, 'cilo': 1.5713748586404241, 'count': 745.0, '50%': 1.62941378197539, '75%': 2.7070617621578403, 'cihi': 1.738756953970634}",1.873242466,1.377571038,2360,4.604339004,2359,4.614180929,1,0.769230769,-3.84495016,-2.10029946,-2.10029946,,,,,
128,spacer,f 128,[H]C(O)=O,"{'25%': 0.61323554000942293, 'std': 1.4211473562801396, 'min': 2.43477726362684e-05, 'max': 12.393401920259302, 'whishi': 5.1887316279956606, 'mean': 1.7132684141846695, 'whislo': 2.43477726362684e-05, 'cilo': 1.372783088149558, 'count': 4837.0, '50%': 1.436829272065, '75%': 2.4460800004708001, 'cihi': 1.4841070644221261}",1.713268414,1.421147356,12995,25.35312939,12980,25.38875306,14,10.76923077,-14.61952229,-3.662403234,-3.662403234,-1.863286855,-1.431535717,-1.093968696,-1.263532699,-0.847285273
129,spacer,f 129,[H]C#N,"{'25%': 0.7039936255754019, 'std': 1.2800104145711655, 'min': 0.00021079476976899999, 'max': 12.2669626374842, 'whishi': 5.1997829274259502, 'mean': 1.7325480226822152, 'whislo': 0.00021079476976899999, 'cilo': 1.5305370943997239, 'count': 9733.0, '50%': 1.5611761169351499, '75%': 2.5096135469405501, 'cihi': 1.5849919603233782}",1.732548023,1.280010415,20374,39.74949274,20360,39.82396088,14,10.76923077,-29.05473011,-6.805710584,-6.805710584,-4.678082694,-3.110365561,-2.584201378,-2.067557041,-2.001479364
1100,spacer,f 100a,O=C(O)C1=CON=C1,"{'25%': 0.73359681503496221, 'std': 1.4983121420656711, 'min': 0.0017916316026949999, 'max': 12.393401920259302, 'whishi': 5.48242287287938, 'mean': 1.872771019062978, 'whislo': 0.0017916316026949999, 'cilo': 1.552681310215374, 'count': 1754.0, '50%': 1.6253396147864299, '75%': 2.6412141946078345, 'cihi': 1.7078135995380501}",1.872771019,1.498312142,5333,10.40463555,5324,10.41369193,8,6.153846154,-4.259845778,-1.326622634,-1.326622634,-0.304088619,-0.030329097,-0.072609151,-0.201859442,0.098185921
1200,,f 200,Fc1ncc2nsnc2c1,"{'25%': nan, 'std': nan, 'min': nan, 'max': nan, 'whishi': nan, 'mean': nan, 'whislo': nan, 'cilo': nan, 'count': 0.0, '50%': nan, '75%': nan, 'cihi': nan}",,,0,0,0,0,0,0,0,,,,,,,
1300,,f 300,[SiH2]1c2ccsc2-c2sccc21,"{'25%': nan, 'std': nan, 'min': nan, 'max': nan, 'whishi': nan, 'mean': nan, 'whislo': nan, 'cilo': nan, 'count': 0.0, '50%': nan, '75%': nan, 'cihi': nan}",,,0,0,0,0,0,0,0,,,,,,,
1400,,f 400,C(=Cc2cccs2)c2cccs2,"{'25%': nan, 'std': nan, 'min': nan, 'max': nan, 'whishi': nan, 'mean': nan, 'whislo': nan, 'cilo': nan, 'count': 0.0, '50%': nan, '75%': nan, 'cihi': nan}",,,0,0,0,0,0,0,0,,,,,,,
1500,,f 500,c3cc6c(=O)[nH]c(=O)c7ccc8c(=O)[nH]c(=O)c3c8c76,"{'25%': nan, 'std': nan, 'min': nan, 'max': nan, 'whishi': nan, 'mean': nan, 'whislo': nan, 'cilo': nan, 'count': 0.0, '50%': nan, '75%': nan, 'cihi': nan}",,,0,0,0,0,0,0,0,,,,,,,
1600,,f 600,C=C1SC(=c2ccc(=C)s2)C=C1,"{'25%': nan, 'std': nan, 'min': nan, 'max': nan, 'whishi': nan, 'mean': nan, 'whislo': nan, 'cilo': nan, 'count': 0.0, '50%': nan, '75%': nan, 'cihi': nan}",,,0,0,0,0,0,0,0,,,,,,,

